<?xml version="1.0" encoding="UTF-8"?>
<project-private xmlns="http://www.netbeans.org/ns/project-private/1">
    <editor-bookmarks xmlns="http://www.netbeans.org/ns/editor-bookmarks/2" lastBookmarkId="0"/>
    <open-files xmlns="http://www.netbeans.org/ns/projectui-open-files/2">
        <group>
            <file>file:/C:/Users/okoko/OneDrive/Desktop/PizzaShop/src/images/pizza%20logo%203.png</file>
            <file>file:/C:/Users/okoko/OneDrive/Desktop/PizzaShop/src/PizzaShop/Home.java</file>
            <file>file:/C:/Users/okoko/OneDrive/Desktop/PizzaShop/src/PizzaShop/Loading.java</file>
            <file>file:/C:/Users/okoko/OneDrive/Desktop/PizzaShop/src/PizzaShop/Signup.java</file>
            <file>file:/C:/Users/okoko/OneDrive/Desktop/PizzaShop/src/PizzaShop/Login.java</file>
        </group>
    </open-files>
</project-private>
